{
  "eye": {
    "orientation": [
      0.08323466777801514,
      -0.9330403208732605,
      -0.23898422718048096,
      0.25572308897972107
    ],
    "magnitude": 1,
    "position": [
      607.1279907226562,
      306.147216796875,
      91.12411499023438
    ]
  },
  "radius": 793.2212524414062,
  "type": "PERSPECTIVE"
}